department,create_time,statistic_cycle,biz_name,stability,timeliness,completeness,accuracy,consistency,uniqueness,normativity,object_type,level,interface_business_level_id
-,20250727,1,-,100%,0%,100%,100%,100%,100%,100%,1,,1753962934490
-,20250727,1,大音,100%,36%,100%,100%,100%,100%,100%,1,,1753962934491
-,20250727,1,掌经,100%,57%,100%,100%,100%,100%,100%,1,,1753962934492
-,20250727,1,一经,100%,50%,100%,100%,100%,100%,100%,1,,1753962934493
-,20250727,2,-,100%,67%,100%,100%,100%,100%,100%,1,,1753962934494
-,20250727,2,大音,100%,68%,100%,100%,100%,100%,100%,1,,1753962934495
-,20250727,2,掌经,100%,89%,100%,100%,100%,100%,100%,1,,1753962934496
-,20250727,2,一经,100%,76%,100%,100%,100%,100%,100%,1,,1753962934497
-,20250727,3,-,100%,90%,100%,100%,100%,100%,100%,1,,1753962934498
-,20250727,3,大音,100%,79%,100%,100%,100%,100%,100%,1,,1753962934499
-,20250727,3,掌经,100%,92%,100%,100%,100%,100%,100%,1,,1753962934500
-,20250727,3,一经,100%,81%,100%,100%,100%,100%,100%,1,,1753962934501
业务室,20250727,1,-,100%,2%,100%,100%,100%,100%,100%,1,,1753962934502
业务室,20250727,1,大音,-,-,-,-,-,-,-,1,,1753962934503
业务室,20250727,1,掌经,100%,0%,100%,100%,100%,100%,100%,1,,1753962934504
业务室,20250727,1,一经,100%,14%,100%,100%,100%,100%,100%,1,,1753962934505
业务室,20250727,2,-,100%,68%,100%,100%,100%,100%,100%,1,,1753962934506
业务室,20250727,2,大音,-,-,-,-,-,-,-,1,,1753962934507
业务室,20250727,2,掌经,100%,75%,100%,100%,100%,100%,100%,1,,1753962934508
业务室,20250727,2,一经,100%,82%,100%,100%,100%,100%,100%,1,,1753962934509
业务室,20250727,3,-,100%,87%,100%,100%,100%,100%,100%,1,,1753962934510
业务室,20250727,3,大音,-,-,-,-,-,-,-,1,,1753962934511
业务室,20250727,3,掌经,100%,100%,100%,100%,100%,100%,100%,1,,1753962934512
业务室,20250727,3,一经,100%,96%,100%,100%,100%,100%,100%,1,,1753962934513
业务管理室,20250727,1,-,100%,0%,100%,100%,100%,100%,100%,1,,1753962934514
业务管理室,20250727,1,大音,-,-,-,-,-,-,-,1,,1753962934515
业务管理室,20250727,1,掌经,-,-,-,-,-,-,-,1,,1753962934516
业务管理室,20250727,1,一经,100%,40%,100%,100%,100%,100%,100%,1,,1753962934517
业务管理室,20250727,2,-,100%,60%,100%,100%,100%,100%,100%,1,,1753962934518
业务管理室,20250727,2,大音,-,-,-,-,-,-,-,1,,1753962934519
业务管理室,20250727,2,掌经,-,-,-,-,-,-,-,1,,1753962934520
业务管理室,20250727,2,一经,100%,87%,100%,100%,100%,100%,100%,1,,1753962934521
业务管理室,20250727,3,-,100%,80%,100%,100%,100%,100%,100%,1,,1753962934522
业务管理室,20250727,3,大音,-,-,-,-,-,-,-,1,,1753962934523
业务管理室,20250727,3,掌经,-,-,-,-,-,-,-,1,,1753962934524
业务管理室,20250727,3,一经,100%,100%,100%,100%,100%,100%,100%,1,,1753962934525
云计算和客户响应中心,20250727,1,-,100%,36%,100%,100%,100%,100%,100%,1,,1753962934526
云计算和客户响应中心,20250727,1,大音,-,-,-,-,-,-,-,1,,1753962934527
云计算和客户响应中心,20250727,1,掌经,100%,10%,100%,100%,100%,100%,100%,1,,1753962934528
云计算和客户响应中心,20250727,1,一经,100%,33%,100%,100%,100%,100%,100%,1,,1753962934529
云计算和客户响应中心,20250727,2,-,100%,64%,100%,100%,100%,100%,100%,1,,1753962934530
云计算和客户响应中心,20250727,2,大音,-,-,-,-,-,-,-,1,,1753962934531
云计算和客户响应中心,20250727,2,掌经,100%,77%,100%,100%,100%,100%,100%,1,,1753962934532
云计算和客户响应中心,20250727,2,一经,100%,78%,100%,100%,100%,100%,100%,1,,1753962934533
云计算和客户响应中心,20250727,3,-,100%,72%,100%,100%,100%,100%,100%,1,,1753962934534
云计算和客户响应中心,20250727,3,大音,-,-,-,-,-,-,-,1,,1753962934535
云计算和客户响应中心,20250727,3,掌经,100%,100%,100%,100%,100%,100%,100%,1,,1753962934536
云计算和客户响应中心,20250727,3,一经,100%,93%,100%,100%,100%,100%,100%,1,,1753962934537
产品研发中心,20250727,1,-,100%,14%,100%,100%,100%,100%,100%,1,,1753962934538
产品研发中心,20250727,1,大音,-,-,-,-,-,-,-,1,,1753962934539
产品研发中心,20250727,1,掌经,-,-,-,-,-,-,-,1,,1753962934540
产品研发中心,20250727,1,一经,100%,100%,100%,100%,100%,100%,100%,1,,1753962934541
产品研发中心,20250727,2,-,100%,88%,100%,100%,100%,100%,100%,1,,1753962934542
产品研发中心,20250727,2,大音,-,-,-,-,-,-,-,1,,1753962934543
产品研发中心,20250727,2,掌经,-,-,-,-,-,-,-,1,,1753962934544
产品研发中心,20250727,2,一经,100%,100%,100%,100%,100%,100%,100%,1,,1753962934545
产品研发中心,20250727,3,-,100%,100%,100%,100%,100%,100%,100%,1,,1753962934546
产品研发中心,20250727,3,大音,-,-,-,-,-,-,-,1,,1753962934547
产品研发中心,20250727,3,掌经,-,-,-,-,-,-,-,1,,1753962934548
产品研发中心,20250727,3,一经,100%,100%,100%,100%,100%,100%,100%,1,,1753962934549
信息系统部,20250727,1,-,100%,80%,100%,100%,100%,100%,100%,1,,1753962934550
信息系统部,20250727,1,大音,-,-,-,-,-,-,-,1,,1753962934551
信息系统部,20250727,1,掌经,98%,30%,100%,100%,100%,100%,100%,1,,1753962934552
信息系统部,20250727,1,一经,99%,39%,100%,100%,100%,100%,100%,1,,1753962934553
信息系统部,20250727,2,-,100%,67%,100%,100%,100%,100%,100%,1,,1753962934554
信息系统部,20250727,2,大音,-,-,-,-,-,-,-,1,,1753962934555
信息系统部,20250727,2,掌经,100%,77%,100%,100%,100%,100%,100%,1,,1753962934556
信息系统部,20250727,2,一经,100%,75%,100%,100%,100%,100%,100%,1,,1753962934557
信息系统部,20250727,3,-,100%,80%,100%,100%,100%,100%,100%,1,,1753962934558
信息系统部,20250727,3,大音,-,-,-,-,-,-,-,1,,1753962934559
信息系统部,20250727,3,掌经,100%,87%,100%,100%,100%,100%,100%,1,,1753962934560
信息系统部,20250727,3,一经,100%,85%,100%,100%,100%,100%,100%,1,,1753962934561
内审部,20250727,1,-,100%,52%,100%,100%,100%,100%,100%,1,,1753962934562
内审部,20250727,1,大音,-,-,-,-,-,-,-,1,,1753962934563
内审部,20250727,1,掌经,-,-,-,-,-,-,-,1,,1753962934564
内审部,20250727,1,一经,100%,54%,100%,100%,100%,100%,100%,1,,1753962934565
内审部,20250727,2,-,100%,84%,100%,100%,100%,100%,100%,1,,1753962934566
内审部,20250727,2,大音,-,-,-,-,-,-,-,1,,1753962934567
内审部,20250727,2,掌经,-,-,-,-,-,-,-,1,,1753962934568
内审部,20250727,2,一经,100%,82%,100%,100%,100%,100%,100%,1,,1753962934569
内审部,20250727,3,-,100%,94%,100%,100%,100%,100%,100%,1,,1753962934570
内审部,20250727,3,大音,-,-,-,-,-,-,-,1,,1753962934571
内审部,20250727,3,掌经,-,-,-,-,-,-,-,1,,1753962934572
内审部,20250727,3,一经,100%,88%,100%,100%,100%,100%,100%,1,,1753962934573
客户响应中心,20250727,1,-,100%,100%,100%,100%,100%,100%,100%,1,,1753962934574
客户响应中心,20250727,1,大音,-,-,-,-,-,-,-,1,,1753962934575
客户响应中心,20250727,1,掌经,-,-,-,-,-,-,-,1,,1753962934576
客户响应中心,20250727,1,一经,-,-,-,-,-,-,-,1,,1753962934577
客户响应中心,20250727,2,-,100%,100%,100%,100%,100%,100%,100%,1,,1753962934578
客户响应中心,20250727,2,大音,-,-,-,-,-,-,-,1,,1753962934579
客户响应中心,20250727,2,掌经,-,-,-,-,-,-,-,1,,1753962934580
客户响应中心,20250727,2,一经,-,-,-,-,-,-,-,1,,1753962934581
客户响应中心,20250727,3,-,100%,100%,100%,100%,100%,100%,100%,1,,1753962934582
客户响应中心,20250727,3,大音,-,-,-,-,-,-,-,1,,1753962934583
客户响应中心,20250727,3,掌经,-,-,-,-,-,-,-,1,,1753962934584
客户响应中心,20250727,3,一经,-,-,-,-,-,-,-,1,,1753962934585
客户服务中心,20250727,1,-,-,-,-,-,-,-,-,1,,1753962934586
客户服务中心,20250727,1,大音,-,-,-,-,-,-,-,1,,1753962934587
客户服务中心,20250727,1,掌经,-,-,-,-,-,-,-,1,,1753962934588
客户服务中心,20250727,1,一经,100%,80%,100%,100%,100%,100%,100%,1,,1753962934589
客户服务中心,20250727,2,-,-,-,-,-,-,-,-,1,,1753962934590
客户服务中心,20250727,2,大音,-,-,-,-,-,-,-,1,,1753962934591
客户服务中心,20250727,2,掌经,-,-,-,-,-,-,-,1,,1753962934592
客户服务中心,20250727,2,一经,100%,80%,100%,100%,100%,100%,100%,1,,1753962934593
客户服务中心,20250727,3,-,-,-,-,-,-,-,-,1,,1753962934594
客户服务中心,20250727,3,大音,-,-,-,-,-,-,-,1,,1753962934595
客户服务中心,20250727,3,掌经,-,-,-,-,-,-,-,1,,1753962934596
客户服务中心,20250727,3,一经,100%,80%,100%,100%,100%,100%,100%,1,,1753962934597
客户服务部,20250727,1,-,100%,100%,100%,100%,100%,100%,100%,1,,1753962934598
客户服务部,20250727,1,大音,-,-,-,-,-,-,-,1,,1753962934599
客户服务部,20250727,1,掌经,-,-,-,-,-,-,-,1,,1753962934600
客户服务部,20250727,1,一经,-,-,-,-,-,-,-,1,,1753962934601
客户服务部,20250727,2,-,100%,100%,100%,100%,100%,100%,100%,1,,1753962934602
客户服务部,20250727,2,大音,-,-,-,-,-,-,-,1,,1753962934603
客户服务部,20250727,2,掌经,-,-,-,-,-,-,-,1,,1753962934604
客户服务部,20250727,2,一经,-,-,-,-,-,-,-,1,,1753962934605
客户服务部,20250727,3,-,100%,100%,100%,100%,100%,100%,100%,1,,1753962934606
客户服务部,20250727,3,大音,-,-,-,-,-,-,-,1,,1753962934607
客户服务部,20250727,3,掌经,-,-,-,-,-,-,-,1,,1753962934608
客户服务部,20250727,3,一经,-,-,-,-,-,-,-,1,,1753962934609
客户运营中心,20250727,1,-,100%,52%,100%,100%,100%,100%,100%,1,,1753962934610
客户运营中心,20250727,1,大音,-,-,-,-,-,-,-,1,,1753962934611
客户运营中心,20250727,1,掌经,100%,29%,100%,100%,100%,100%,100%,1,,1753962934612
客户运营中心,20250727,1,一经,100%,24%,100%,100%,100%,100%,100%,1,,1753962934613
客户运营中心,20250727,2,-,100%,83%,100%,100%,100%,100%,100%,1,,1753962934614
客户运营中心,20250727,2,大音,-,-,-,-,-,-,-,1,,1753962934615
客户运营中心,20250727,2,掌经,100%,73%,100%,100%,100%,100%,100%,1,,1753962934616
客户运营中心,20250727,2,一经,100%,72%,100%,100%,100%,100%,100%,1,,1753962934617
客户运营中心,20250727,3,-,100%,94%,100%,100%,100%,100%,100%,1,,1753962934618
客户运营中心,20250727,3,大音,-,-,-,-,-,-,-,1,,1753962934619
客户运营中心,20250727,3,掌经,100%,86%,100%,100%,100%,100%,100%,1,,1753962934620
客户运营中心,20250727,3,一经,100%,82%,100%,100%,100%,100%,100%,1,,1753962934621
客户运营中心-政企运营室,20250727,1,-,100%,73%,100%,100%,100%,100%,100%,1,,1753962934622
客户运营中心-政企运营室,20250727,1,大音,-,-,-,-,-,-,-,1,,1753962934623
客户运营中心-政企运营室,20250727,1,掌经,-,-,-,-,-,-,-,1,,1753962934624
客户运营中心-政企运营室,20250727,1,一经,-,-,-,-,-,-,-,1,,1753962934625
客户运营中心-政企运营室,20250727,2,-,100%,87%,100%,100%,100%,100%,100%,1,,1753962934626
客户运营中心-政企运营室,20250727,2,大音,-,-,-,-,-,-,-,1,,1753962934627
客户运营中心-政企运营室,20250727,2,掌经,-,-,-,-,-,-,-,1,,1753962934628
客户运营中心-政企运营室,20250727,2,一经,-,-,-,-,-,-,-,1,,1753962934629
客户运营中心-政企运营室,20250727,3,-,100%,98%,100%,100%,100%,100%,100%,1,,1753962934630
客户运营中心-政企运营室,20250727,3,大音,-,-,-,-,-,-,-,1,,1753962934631
客户运营中心-政企运营室,20250727,3,掌经,-,-,-,-,-,-,-,1,,1753962934632
客户运营中心-政企运营室,20250727,3,一经,-,-,-,-,-,-,-,1,,1753962934633
家庭中心,20250727,1,-,100%,80%,100%,100%,100%,100%,100%,1,,1753962934634
家庭中心,20250727,1,大音,-,-,-,-,-,-,-,1,,1753962934635
家庭中心,20250727,1,掌经,-,-,-,-,-,-,-,1,,1753962934636
家庭中心,20250727,1,一经,-,-,-,-,-,-,-,1,,1753962934637
家庭中心,20250727,2,-,100%,80%,100%,100%,100%,100%,100%,1,,1753962934638
家庭中心,20250727,2,大音,-,-,-,-,-,-,-,1,,1753962934639
家庭中心,20250727,2,掌经,-,-,-,-,-,-,-,1,,1753962934640
家庭中心,20250727,2,一经,-,-,-,-,-,-,-,1,,1753962934641
家庭中心,20250727,3,-,100%,80%,100%,100%,100%,100%,100%,1,,1753962934642
家庭中心,20250727,3,大音,-,-,-,-,-,-,-,1,,1753962934643
家庭中心,20250727,3,掌经,-,-,-,-,-,-,-,1,,1753962934644
家庭中心,20250727,3,一经,-,-,-,-,-,-,-,1,,1753962934645
市场部,20250727,1,-,100%,68%,100%,100%,100%,100%,100%,1,,1753962934646
市场部,20250727,1,大音,100%,90%,100%,100%,100%,100%,100%,1,,1753962934647
市场部,20250727,1,掌经,100%,51%,100%,100%,100%,100%,100%,1,,1753962934648
市场部,20250727,1,一经,100%,43%,100%,100%,100%,100%,100%,1,,1753962934649
市场部,20250727,2,-,100%,88%,100%,100%,100%,100%,100%,1,,1753962934650
市场部,20250727,2,大音,100%,100%,100%,100%,100%,100%,100%,1,,1753962934651
市场部,20250727,2,掌经,100%,85%,100%,100%,100%,100%,100%,1,,1753962934652
市场部,20250727,2,一经,100%,70%,100%,100%,100%,100%,100%,1,,1753962934653
市场部,20250727,3,-,100%,95%,100%,100%,100%,100%,100%,1,,1753962934654
市场部,20250727,3,大音,100%,100%,100%,100%,100%,100%,100%,1,,1753962934655
市场部,20250727,3,掌经,100%,89%,100%,100%,100%,100%,100%,1,,1753962934656
市场部,20250727,3,一经,100%,77%,100%,100%,100%,100%,100%,1,,1753962934657
政企客户中心,20250727,1,-,-,-,-,-,-,-,-,1,,1753962934658
政企客户中心,20250727,1,大音,-,-,-,-,-,-,-,1,,1753962934659
政企客户中心,20250727,1,掌经,-,-,-,-,-,-,-,1,,1753962934660
政企客户中心,20250727,1,一经,100%,0%,100%,100%,100%,100%,100%,1,,1753962934661
政企客户中心,20250727,2,-,-,-,-,-,-,-,-,1,,1753962934662
政企客户中心,20250727,2,大音,-,-,-,-,-,-,-,1,,1753962934663
政企客户中心,20250727,2,掌经,-,-,-,-,-,-,-,1,,1753962934664
政企客户中心,20250727,2,一经,100%,67%,100%,100%,100%,100%,100%,1,,1753962934665
政企客户中心,20250727,3,-,-,-,-,-,-,-,-,1,,1753962934666
政企客户中心,20250727,3,大音,-,-,-,-,-,-,-,1,,1753962934667
政企客户中心,20250727,3,掌经,-,-,-,-,-,-,-,1,,1753962934668
政企客户中心,20250727,3,一经,100%,84%,100%,100%,100%,100%,100%,1,,1753962934669
政企客户部,20250727,1,-,99%,22%,100%,100%,100%,100%,100%,1,,1753962934670
政企客户部,20250727,1,大音,-,-,-,-,-,-,-,1,,1753962934671
政企客户部,20250727,1,掌经,99%,53%,100%,100%,100%,100%,100%,1,,1753962934672
政企客户部,20250727,1,一经,99%,50%,100%,100%,100%,100%,100%,1,,1753962934673
政企客户部,20250727,2,-,100%,79%,100%,100%,100%,100%,100%,1,,1753962934674
政企客户部,20250727,2,大音,-,-,-,-,-,-,-,1,,1753962934675
政企客户部,20250727,2,掌经,99%,94%,100%,100%,100%,100%,100%,1,,1753962934676
政企客户部,20250727,2,一经,99%,77%,100%,100%,100%,100%,100%,1,,1753962934677
政企客户部,20250727,3,-,100%,88%,100%,100%,100%,100%,100%,1,,1753962934678
政企客户部,20250727,3,大音,-,-,-,-,-,-,-,1,,1753962934679
政企客户部,20250727,3,掌经,100%,98%,100%,100%,100%,100%,100%,1,,1753962934680
政企客户部,20250727,3,一经,100%,81%,100%,100%,100%,100%,100%,1,,1753962934681
服务管理部,20250727,1,-,99%,50%,100%,100%,100%,100%,100%,1,,1753962934682
服务管理部,20250727,1,大音,100%,20%,100%,100%,100%,100%,100%,1,,1753962934683
服务管理部,20250727,1,掌经,100%,36%,100%,100%,100%,100%,100%,1,,1753962934684
服务管理部,20250727,1,一经,100%,34%,100%,100%,100%,100%,100%,1,,1753962934685
服务管理部,20250727,2,-,99%,85%,100%,100%,100%,100%,100%,1,,1753962934686
服务管理部,20250727,2,大音,100%,73%,100%,100%,100%,100%,100%,1,,1753962934687
服务管理部,20250727,2,掌经,100%,80%,100%,100%,100%,100%,100%,1,,1753962934688
服务管理部,20250727,2,一经,100%,66%,100%,100%,100%,100%,100%,1,,1753962934689
服务管理部,20250727,3,-,100%,98%,100%,100%,100%,100%,100%,1,,1753962934690
服务管理部,20250727,3,大音,100%,84%,100%,100%,100%,100%,100%,1,,1753962934691
服务管理部,20250727,3,掌经,100%,88%,100%,100%,100%,100%,100%,1,,1753962934692
服务管理部,20250727,3,一经,100%,76%,100%,100%,100%,100%,100%,1,,1753962934693
江门分公司,20250727,1,-,100%,0%,100%,100%,100%,100%,100%,1,,1753962934694
江门分公司,20250727,1,大音,-,-,-,-,-,-,-,1,,1753962934695
江门分公司,20250727,1,掌经,-,-,-,-,-,-,-,1,,1753962934696
江门分公司,20250727,1,一经,-,-,-,-,-,-,-,1,,1753962934697
江门分公司,20250727,2,-,100%,70%,100%,100%,100%,100%,100%,1,,1753962934698
江门分公司,20250727,2,大音,-,-,-,-,-,-,-,1,,1753962934699
江门分公司,20250727,2,掌经,-,-,-,-,-,-,-,1,,1753962934700
江门分公司,20250727,2,一经,-,-,-,-,-,-,-,1,,1753962934701
江门分公司,20250727,3,-,100%,80%,100%,100%,100%,100%,100%,1,,1753962934702
江门分公司,20250727,3,大音,-,-,-,-,-,-,-,1,,1753962934703
江门分公司,20250727,3,掌经,-,-,-,-,-,-,-,1,,1753962934704
江门分公司,20250727,3,一经,-,-,-,-,-,-,-,1,,1753962934705
渠道中心,20250727,1,-,-,-,-,-,-,-,-,1,,1753962934706
渠道中心,20250727,1,大音,-,-,-,-,-,-,-,1,,1753962934707
渠道中心,20250727,1,掌经,100%,23%,100%,100%,100%,100%,100%,1,,1753962934708
渠道中心,20250727,1,一经,100%,11%,100%,100%,100%,100%,100%,1,,1753962934709
渠道中心,20250727,2,-,-,-,-,-,-,-,-,1,,1753962934710
渠道中心,20250727,2,大音,-,-,-,-,-,-,-,1,,1753962934711
渠道中心,20250727,2,掌经,100%,78%,100%,100%,100%,100%,100%,1,,1753962934712
渠道中心,20250727,2,一经,100%,61%,100%,100%,100%,100%,100%,1,,1753962934713
渠道中心,20250727,3,-,-,-,-,-,-,-,-,1,,1753962934714
渠道中心,20250727,3,大音,-,-,-,-,-,-,-,1,,1753962934715
渠道中心,20250727,3,掌经,100%,93%,100%,100%,100%,100%,100%,1,,1753962934716
渠道中心,20250727,3,一经,100%,76%,100%,100%,100%,100%,100%,1,,1753962934717
渠道运营中心,20250727,1,-,100%,46%,100%,100%,100%,100%,100%,1,,1753962934718
渠道运营中心,20250727,1,大音,-,-,-,-,-,-,-,1,,1753962934719
渠道运营中心,20250727,1,掌经,100%,46%,100%,100%,100%,100%,100%,1,,1753962934720
渠道运营中心,20250727,1,一经,100%,52%,100%,100%,100%,100%,100%,1,,1753962934721
渠道运营中心,20250727,2,-,100%,79%,100%,100%,100%,100%,100%,1,,1753962934722
渠道运营中心,20250727,2,大音,-,-,-,-,-,-,-,1,,1753962934723
渠道运营中心,20250727,2,掌经,100%,93%,100%,100%,100%,100%,100%,1,,1753962934724
渠道运营中心,20250727,2,一经,100%,79%,100%,100%,100%,100%,100%,1,,1753962934725
渠道运营中心,20250727,3,-,100%,92%,100%,100%,100%,100%,100%,1,,1753962934726
渠道运营中心,20250727,3,大音,-,-,-,-,-,-,-,1,,1753962934727
渠道运营中心,20250727,3,掌经,100%,96%,100%,100%,100%,100%,100%,1,,1753962934728
渠道运营中心,20250727,3,一经,100%,84%,100%,100%,100%,100%,100%,1,,1753962934729
网格和渠道运营中心,20250727,1,-,100%,53%,100%,100%,100%,100%,100%,1,,1753962934730
网格和渠道运营中心,20250727,1,大音,-,-,-,-,-,-,-,1,,1753962934731
网格和渠道运营中心,20250727,1,掌经,-,-,-,-,-,-,-,1,,1753962934732
网格和渠道运营中心,20250727,1,一经,100%,100%,100%,100%,100%,100%,100%,1,,1753962934733
网格和渠道运营中心,20250727,2,-,100%,85%,100%,100%,100%,100%,100%,1,,1753962934734
网格和渠道运营中心,20250727,2,大音,-,-,-,-,-,-,-,1,,1753962934735
网格和渠道运营中心,20250727,2,掌经,-,-,-,-,-,-,-,1,,1753962934736
网格和渠道运营中心,20250727,2,一经,100%,100%,100%,100%,100%,100%,100%,1,,1753962934737
网格和渠道运营中心,20250727,3,-,100%,97%,100%,100%,100%,100%,100%,1,,1753962934738
网格和渠道运营中心,20250727,3,大音,-,-,-,-,-,-,-,1,,1753962934739
网格和渠道运营中心,20250727,3,掌经,-,-,-,-,-,-,-,1,,1753962934740
网格和渠道运营中心,20250727,3,一经,100%,100%,100%,100%,100%,100%,100%,1,,1753962934741
网络管理中心,20250727,1,-,100%,0%,100%,100%,100%,100%,100%,1,,1753962934742
网络管理中心,20250727,1,大音,-,-,-,-,-,-,-,1,,1753962934743
网络管理中心,20250727,1,掌经,100%,80%,100%,100%,100%,100%,100%,1,,1753962934744
网络管理中心,20250727,1,一经,100%,60%,100%,100%,100%,100%,100%,1,,1753962934745
网络管理中心,20250727,2,-,100%,75%,100%,100%,100%,100%,100%,1,,1753962934746
网络管理中心,20250727,2,大音,-,-,-,-,-,-,-,1,,1753962934747
网络管理中心,20250727,2,掌经,100%,95%,100%,100%,100%,100%,100%,1,,1753962934748
网络管理中心,20250727,2,一经,100%,88%,100%,100%,100%,100%,100%,1,,1753962934749
网络管理中心,20250727,3,-,100%,100%,100%,100%,100%,100%,100%,1,,1753962934750
网络管理中心,20250727,3,大音,-,-,-,-,-,-,-,1,,1753962934751
网络管理中心,20250727,3,掌经,100%,100%,100%,100%,100%,100%,100%,1,,1753962934752
网络管理中心,20250727,3,一经,100%,100%,100%,100%,100%,100%,100%,1,,1753962934753
网络部,20250727,1,-,100%,72%,100%,100%,100%,100%,100%,1,,1753962934754
网络部,20250727,1,大音,-,-,-,-,-,-,-,1,,1753962934755
网络部,20250727,1,掌经,-,-,-,-,-,-,-,1,,1753962934756
网络部,20250727,1,一经,-,-,-,-,-,-,-,1,,1753962934757
网络部,20250727,2,-,100%,79%,100%,100%,100%,100%,100%,1,,1753962934758
网络部,20250727,2,大音,-,-,-,-,-,-,-,1,,1753962934759
网络部,20250727,2,掌经,-,-,-,-,-,-,-,1,,1753962934760
网络部,20250727,2,一经,-,-,-,-,-,-,-,1,,1753962934761
网络部,20250727,3,-,100%,81%,100%,100%,100%,100%,100%,1,,1753962934762
网络部,20250727,3,大音,-,-,-,-,-,-,-,1,,1753962934763
网络部,20250727,3,掌经,-,-,-,-,-,-,-,1,,1753962934764
网络部,20250727,3,一经,-,-,-,-,-,-,-,1,,1753962934765
计划建设部,20250727,1,-,100%,100%,100%,100%,100%,100%,100%,1,,1753962934766
计划建设部,20250727,1,大音,-,-,-,-,-,-,-,1,,1753962934767
计划建设部,20250727,1,掌经,-,-,-,-,-,-,-,1,,1753962934768
计划建设部,20250727,1,一经,-,-,-,-,-,-,-,1,,1753962934769
计划建设部,20250727,2,-,100%,100%,100%,100%,100%,100%,100%,1,,1753962934770
计划建设部,20250727,2,大音,-,-,-,-,-,-,-,1,,1753962934771
计划建设部,20250727,2,掌经,-,-,-,-,-,-,-,1,,1753962934772
计划建设部,20250727,2,一经,-,-,-,-,-,-,-,1,,1753962934773
计划建设部,20250727,3,-,100%,100%,100%,100%,100%,100%,100%,1,,1753962934774
计划建设部,20250727,3,大音,-,-,-,-,-,-,-,1,,1753962934775
计划建设部,20250727,3,掌经,-,-,-,-,-,-,-,1,,1753962934776
计划建设部,20250727,3,一经,-,-,-,-,-,-,-,1,,1753962934777
财务部,20250727,1,-,100%,80%,100%,100%,100%,100%,100%,1,,1753962934778
财务部,20250727,1,大音,-,-,-,-,-,-,-,1,,1753962934779
财务部,20250727,1,掌经,100%,100%,100%,100%,100%,100%,100%,1,,1753962934780
财务部,20250727,1,一经,100%,81%,100%,100%,100%,100%,100%,1,,1753962934781
财务部,20250727,2,-,100%,90%,100%,100%,100%,100%,100%,1,,1753962934782
财务部,20250727,2,大音,-,-,-,-,-,-,-,1,,1753962934783
财务部,20250727,2,掌经,100%,100%,100%,100%,100%,100%,100%,1,,1753962934784
财务部,20250727,2,一经,100%,91%,100%,100%,100%,100%,100%,1,,1753962934785
财务部,20250727,3,-,100%,93%,100%,100%,100%,100%,100%,1,,1753962934786
财务部,20250727,3,大音,-,-,-,-,-,-,-,1,,1753962934787
财务部,20250727,3,掌经,100%,100%,100%,100%,100%,100%,100%,1,,1753962934788
财务部,20250727,3,一经,100%,91%,100%,100%,100%,100%,100%,1,,1753962934789
集团客户部,20250727,1,-,100%,100%,100%,100%,100%,100%,100%,1,,1753962934790
集团客户部,20250727,1,大音,-,-,-,-,-,-,-,1,,1753962934791
集团客户部,20250727,1,掌经,100%,69%,100%,100%,100%,100%,100%,1,,1753962934792
集团客户部,20250727,1,一经,100%,59%,100%,100%,100%,100%,100%,1,,1753962934793
集团客户部,20250727,2,-,100%,100%,100%,100%,100%,100%,100%,1,,1753962934794
集团客户部,20250727,2,大音,-,-,-,-,-,-,-,1,,1753962934795
集团客户部,20250727,2,掌经,100%,100%,100%,100%,100%,100%,100%,1,,1753962934796
集团客户部,20250727,2,一经,100%,77%,100%,100%,100%,100%,100%,1,,1753962934797
集团客户部,20250727,3,-,100%,100%,100%,100%,100%,100%,100%,1,,1753962934798
集团客户部,20250727,3,大音,-,-,-,-,-,-,-,1,,1753962934799
集团客户部,20250727,3,掌经,100%,100%,100%,100%,100%,100%,100%,1,,1753962934800
集团客户部,20250727,3,一经,100%,81%,100%,100%,100%,100%,100%,1,,1753962934801
-,20250727,1,,100%,48%,100%,100%,100%,100%,100%,2,P0,1753962934802
-,20250727,1,,-,-,-,-,-,-,-,2,P1,1753962934803
-,20250727,1,,-,-,-,-,-,-,-,2,P2,1753962934804
-,20250727,1,,100%,0%,100%,100%,100%,100%,100%,2,P3,1753962934805
-,20250727,1,,-,-,-,-,-,-,-,2,P4,1753962934806
-,20250727,1,,-,-,-,-,-,-,-,2,P5,1753962934807
-,20250727,2,,100%,78%,100%,100%,100%,100%,100%,2,P0,1753962934808
-,20250727,2,,-,-,-,-,-,-,-,2,P1,1753962934809
-,20250727,2,,-,-,-,-,-,-,-,2,P2,1753962934810
-,20250727,2,,100%,67%,100%,100%,100%,100%,100%,2,P3,1753962934811
-,20250727,2,,-,-,-,-,-,-,-,2,P4,1753962934812
-,20250727,2,,-,-,-,-,-,-,-,2,P5,1753962934813
-,20250727,3,,100%,84%,100%,100%,100%,100%,100%,2,P0,1753962934814
-,20250727,3,,-,-,-,-,-,-,-,2,P1,1753962934815
-,20250727,3,,-,-,-,-,-,-,-,2,P2,1753962934816
-,20250727,3,,100%,90%,100%,100%,100%,100%,100%,2,P3,1753962934817
-,20250727,3,,-,-,-,-,-,-,-,2,P4,1753962934818
-,20250727,3,,-,-,-,-,-,-,-,2,P5,1753962934819
业务室,20250727,1,,100%,7%,100%,100%,100%,100%,100%,2,P0,1753962934820
业务室,20250727,1,,-,-,-,-,-,-,-,2,P1,1753962934821
业务室,20250727,1,,-,-,-,-,-,-,-,2,P2,1753962934822
业务室,20250727,1,,-,-,-,-,-,-,-,2,P3,1753962934823
业务室,20250727,1,,-,-,-,-,-,-,-,2,P4,1753962934824
业务室,20250727,1,,100%,2%,100%,100%,100%,100%,100%,2,P5,1753962934825
业务室,20250727,2,,100%,78%,100%,100%,100%,100%,100%,2,P0,1753962934826
业务室,20250727,2,,-,-,-,-,-,-,-,2,P1,1753962934827
业务室,20250727,2,,-,-,-,-,-,-,-,2,P2,1753962934828
业务室,20250727,2,,-,-,-,-,-,-,-,2,P3,1753962934829
业务室,20250727,2,,-,-,-,-,-,-,-,2,P4,1753962934830
业务室,20250727,2,,100%,68%,100%,100%,100%,100%,100%,2,P5,1753962934831
业务室,20250727,3,,100%,98%,100%,100%,100%,100%,100%,2,P0,1753962934832
业务室,20250727,3,,-,-,-,-,-,-,-,2,P1,1753962934833
业务室,20250727,3,,-,-,-,-,-,-,-,2,P2,1753962934834
业务室,20250727,3,,-,-,-,-,-,-,-,2,P3,1753962934835
业务室,20250727,3,,-,-,-,-,-,-,-,2,P4,1753962934836
业务室,20250727,3,,100%,87%,100%,100%,100%,100%,100%,2,P5,1753962934837
业务管理室,20250727,1,,100%,40%,100%,100%,100%,100%,100%,2,P0,1753962934838
业务管理室,20250727,1,,-,-,-,-,-,-,-,2,P1,1753962934839
业务管理室,20250727,1,,-,-,-,-,-,-,-,2,P2,1753962934840
业务管理室,20250727,1,,-,-,-,-,-,-,-,2,P3,1753962934841
业务管理室,20250727,1,,-,-,-,-,-,-,-,2,P4,1753962934842
业务管理室,20250727,1,,100%,0%,100%,100%,100%,100%,100%,2,P5,1753962934843
业务管理室,20250727,2,,100%,87%,100%,100%,100%,100%,100%,2,P0,1753962934844
业务管理室,20250727,2,,-,-,-,-,-,-,-,2,P1,1753962934845
业务管理室,20250727,2,,-,-,-,-,-,-,-,2,P2,1753962934846
业务管理室,20250727,2,,-,-,-,-,-,-,-,2,P3,1753962934847
业务管理室,20250727,2,,-,-,-,-,-,-,-,2,P4,1753962934848
业务管理室,20250727,2,,100%,60%,100%,100%,100%,100%,100%,2,P5,1753962934849
业务管理室,20250727,3,,100%,100%,100%,100%,100%,100%,100%,2,P0,1753962934850
业务管理室,20250727,3,,-,-,-,-,-,-,-,2,P1,1753962934851
业务管理室,20250727,3,,-,-,-,-,-,-,-,2,P2,1753962934852
业务管理室,20250727,3,,-,-,-,-,-,-,-,2,P3,1753962934853
业务管理室,20250727,3,,-,-,-,-,-,-,-,2,P4,1753962934854
业务管理室,20250727,3,,100%,80%,100%,100%,100%,100%,100%,2,P5,1753962934855
云计算和客户响应中心,20250727,1,,100%,21%,100%,100%,100%,100%,100%,2,P0,1753962934856
云计算和客户响应中心,20250727,1,,-,-,-,-,-,-,-,2,P1,1753962934857
云计算和客户响应中心,20250727,1,,-,-,-,-,-,-,-,2,P2,1753962934858
云计算和客户响应中心,20250727,1,,-,-,-,-,-,-,-,2,P3,1753962934859
云计算和客户响应中心,20250727,1,,-,-,-,-,-,-,-,2,P4,1753962934860
云计算和客户响应中心,20250727,1,,100%,36%,100%,100%,100%,100%,100%,2,P5,1753962934861
云计算和客户响应中心,20250727,2,,100%,77%,100%,100%,100%,100%,100%,2,P0,1753962934862
云计算和客户响应中心,20250727,2,,-,-,-,-,-,-,-,2,P1,1753962934863
云计算和客户响应中心,20250727,2,,-,-,-,-,-,-,-,2,P2,1753962934864
云计算和客户响应中心,20250727,2,,-,-,-,-,-,-,-,2,P3,1753962934865
云计算和客户响应中心,20250727,2,,-,-,-,-,-,-,-,2,P4,1753962934866
云计算和客户响应中心,20250727,2,,100%,64%,100%,100%,100%,100%,100%,2,P5,1753962934867
云计算和客户响应中心,20250727,3,,100%,96%,100%,100%,100%,100%,100%,2,P0,1753962934868
云计算和客户响应中心,20250727,3,,-,-,-,-,-,-,-,2,P1,1753962934869
云计算和客户响应中心,20250727,3,,-,-,-,-,-,-,-,2,P2,1753962934870
云计算和客户响应中心,20250727,3,,-,-,-,-,-,-,-,2,P3,1753962934871
云计算和客户响应中心,20250727,3,,-,-,-,-,-,-,-,2,P4,1753962934872
云计算和客户响应中心,20250727,3,,100%,72%,100%,100%,100%,100%,100%,2,P5,1753962934873
产品研发中心,20250727,1,,100%,100%,100%,100%,100%,100%,100%,2,P0,1753962934874
产品研发中心,20250727,1,,-,-,-,-,-,-,-,2,P1,1753962934875
产品研发中心,20250727,1,,-,-,-,-,-,-,-,2,P2,1753962934876
产品研发中心,20250727,1,,-,-,-,-,-,-,-,2,P3,1753962934877
产品研发中心,20250727,1,,-,-,-,-,-,-,-,2,P4,1753962934878
产品研发中心,20250727,1,,100%,14%,100%,100%,100%,100%,100%,2,P5,1753962934879
产品研发中心,20250727,2,,100%,100%,100%,100%,100%,100%,100%,2,P0,1753962934880
产品研发中心,20250727,2,,-,-,-,-,-,-,-,2,P1,1753962934881
产品研发中心,20250727,2,,-,-,-,-,-,-,-,2,P2,1753962934882
产品研发中心,20250727,2,,-,-,-,-,-,-,-,2,P3,1753962934883
产品研发中心,20250727,2,,-,-,-,-,-,-,-,2,P4,1753962934884
产品研发中心,20250727,2,,100%,88%,100%,100%,100%,100%,100%,2,P5,1753962934885
产品研发中心,20250727,3,,100%,100%,100%,100%,100%,100%,100%,2,P0,1753962934886
产品研发中心,20250727,3,,-,-,-,-,-,-,-,2,P1,1753962934887
产品研发中心,20250727,3,,-,-,-,-,-,-,-,2,P2,1753962934888
产品研发中心,20250727,3,,-,-,-,-,-,-,-,2,P3,1753962934889
产品研发中心,20250727,3,,-,-,-,-,-,-,-,2,P4,1753962934890
产品研发中心,20250727,3,,100%,100%,100%,100%,100%,100%,100%,2,P5,1753962934891
信息系统部,20250727,1,,99%,34%,100%,100%,100%,100%,100%,2,P0,1753962934892
信息系统部,20250727,1,,-,-,-,-,-,-,-,2,P1,1753962934893
信息系统部,20250727,1,,-,-,-,-,-,-,-,2,P2,1753962934894
信息系统部,20250727,1,,100%,80%,100%,100%,100%,100%,100%,2,P3,1753962934895
信息系统部,20250727,1,,-,-,-,-,-,-,-,2,P4,1753962934896
信息系统部,20250727,1,,-,-,-,-,-,-,-,2,P5,1753962934897
信息系统部,20250727,2,,100%,76%,100%,100%,100%,100%,100%,2,P0,1753962934898
信息系统部,20250727,2,,-,-,-,-,-,-,-,2,P1,1753962934899
信息系统部,20250727,2,,-,-,-,-,-,-,-,2,P2,1753962934900
信息系统部,20250727,2,,100%,67%,100%,100%,100%,100%,100%,2,P3,1753962934901
信息系统部,20250727,2,,-,-,-,-,-,-,-,2,P4,1753962934902
信息系统部,20250727,2,,-,-,-,-,-,-,-,2,P5,1753962934903
信息系统部,20250727,3,,100%,86%,100%,100%,100%,100%,100%,2,P0,1753962934904
信息系统部,20250727,3,,-,-,-,-,-,-,-,2,P1,1753962934905
信息系统部,20250727,3,,-,-,-,-,-,-,-,2,P2,1753962934906
信息系统部,20250727,3,,100%,80%,100%,100%,100%,100%,100%,2,P3,1753962934907
信息系统部,20250727,3,,-,-,-,-,-,-,-,2,P4,1753962934908
信息系统部,20250727,3,,-,-,-,-,-,-,-,2,P5,1753962934909
内审部,20250727,1,,100%,54%,100%,100%,100%,100%,100%,2,P0,1753962934910
内审部,20250727,1,,-,-,-,-,-,-,-,2,P1,1753962934911
内审部,20250727,1,,-,-,-,-,-,-,-,2,P2,1753962934912
内审部,20250727,1,,-,-,-,-,-,-,-,2,P3,1753962934913
内审部,20250727,1,,-,-,-,-,-,-,-,2,P4,1753962934914
内审部,20250727,1,,100%,52%,100%,100%,100%,100%,100%,2,P5,1753962934915
内审部,20250727,2,,100%,82%,100%,100%,100%,100%,100%,2,P0,1753962934916
内审部,20250727,2,,-,-,-,-,-,-,-,2,P1,1753962934917
内审部,20250727,2,,-,-,-,-,-,-,-,2,P2,1753962934918
内审部,20250727,2,,-,-,-,-,-,-,-,2,P3,1753962934919
内审部,20250727,2,,-,-,-,-,-,-,-,2,P4,1753962934920
内审部,20250727,2,,100%,84%,100%,100%,100%,100%,100%,2,P5,1753962934921
内审部,20250727,3,,100%,88%,100%,100%,100%,100%,100%,2,P0,1753962934922
内审部,20250727,3,,-,-,-,-,-,-,-,2,P1,1753962934923
内审部,20250727,3,,-,-,-,-,-,-,-,2,P2,1753962934924
内审部,20250727,3,,-,-,-,-,-,-,-,2,P3,1753962934925
内审部,20250727,3,,-,-,-,-,-,-,-,2,P4,1753962934926
内审部,20250727,3,,100%,94%,100%,100%,100%,100%,100%,2,P5,1753962934927
客户响应中心,20250727,1,,-,-,-,-,-,-,-,2,P0,1753962934928
客户响应中心,20250727,1,,-,-,-,-,-,-,-,2,P1,1753962934929
客户响应中心,20250727,1,,-,-,-,-,-,-,-,2,P2,1753962934930
客户响应中心,20250727,1,,-,-,-,-,-,-,-,2,P3,1753962934931
客户响应中心,20250727,1,,-,-,-,-,-,-,-,2,P4,1753962934932
客户响应中心,20250727,1,,100%,100%,100%,100%,100%,100%,100%,2,P5,1753962934933
客户响应中心,20250727,2,,-,-,-,-,-,-,-,2,P0,1753962934934
客户响应中心,20250727,2,,-,-,-,-,-,-,-,2,P1,1753962934935
客户响应中心,20250727,2,,-,-,-,-,-,-,-,2,P2,1753962934936
客户响应中心,20250727,2,,-,-,-,-,-,-,-,2,P3,1753962934937
客户响应中心,20250727,2,,-,-,-,-,-,-,-,2,P4,1753962934938
客户响应中心,20250727,2,,100%,100%,100%,100%,100%,100%,100%,2,P5,1753962934939
客户响应中心,20250727,3,,-,-,-,-,-,-,-,2,P0,1753962934940
客户响应中心,20250727,3,,-,-,-,-,-,-,-,2,P1,1753962934941
客户响应中心,20250727,3,,-,-,-,-,-,-,-,2,P2,1753962934942
客户响应中心,20250727,3,,-,-,-,-,-,-,-,2,P3,1753962934943
客户响应中心,20250727,3,,-,-,-,-,-,-,-,2,P4,1753962934944
客户响应中心,20250727,3,,100%,100%,100%,100%,100%,100%,100%,2,P5,1753962934945
客户服务中心,20250727,1,,100%,80%,100%,100%,100%,100%,100%,2,P0,1753962934946
客户服务中心,20250727,1,,-,-,-,-,-,-,-,2,P1,1753962934947
客户服务中心,20250727,1,,-,-,-,-,-,-,-,2,P2,1753962934948
客户服务中心,20250727,1,,-,-,-,-,-,-,-,2,P3,1753962934949
客户服务中心,20250727,1,,-,-,-,-,-,-,-,2,P4,1753962934950
客户服务中心,20250727,1,,-,-,-,-,-,-,-,2,P5,1753962934951
客户服务中心,20250727,2,,100%,80%,100%,100%,100%,100%,100%,2,P0,1753962934952
客户服务中心,20250727,2,,-,-,-,-,-,-,-,2,P1,1753962934953
客户服务中心,20250727,2,,-,-,-,-,-,-,-,2,P2,1753962934954
客户服务中心,20250727,2,,-,-,-,-,-,-,-,2,P3,1753962934955
客户服务中心,20250727,2,,-,-,-,-,-,-,-,2,P4,1753962934956
客户服务中心,20250727,2,,-,-,-,-,-,-,-,2,P5,1753962934957
客户服务中心,20250727,3,,100%,80%,100%,100%,100%,100%,100%,2,P0,1753962934958
客户服务中心,20250727,3,,-,-,-,-,-,-,-,2,P1,1753962934959
客户服务中心,20250727,3,,-,-,-,-,-,-,-,2,P2,1753962934960
客户服务中心,20250727,3,,-,-,-,-,-,-,-,2,P3,1753962934961
客户服务中心,20250727,3,,-,-,-,-,-,-,-,2,P4,1753962934962
客户服务中心,20250727,3,,-,-,-,-,-,-,-,2,P5,1753962934963
客户服务部,20250727,1,,-,-,-,-,-,-,-,2,P0,1753962934964
客户服务部,20250727,1,,-,-,-,-,-,-,-,2,P1,1753962934965
客户服务部,20250727,1,,-,-,-,-,-,-,-,2,P2,1753962934966
客户服务部,20250727,1,,100%,100%,100%,100%,100%,100%,100%,2,P3,1753962934967
客户服务部,20250727,1,,-,-,-,-,-,-,-,2,P4,1753962934968
客户服务部,20250727,1,,-,-,-,-,-,-,-,2,P5,1753962934969
客户服务部,20250727,2,,-,-,-,-,-,-,-,2,P0,1753962934970
客户服务部,20250727,2,,-,-,-,-,-,-,-,2,P1,1753962934971
客户服务部,20250727,2,,-,-,-,-,-,-,-,2,P2,1753962934972
客户服务部,20250727,2,,100%,100%,100%,100%,100%,100%,100%,2,P3,1753962934973
客户服务部,20250727,2,,-,-,-,-,-,-,-,2,P4,1753962934974
客户服务部,20250727,2,,-,-,-,-,-,-,-,2,P5,1753962934975
客户服务部,20250727,3,,-,-,-,-,-,-,-,2,P0,1753962934976
客户服务部,20250727,3,,-,-,-,-,-,-,-,2,P1,1753962934977
客户服务部,20250727,3,,-,-,-,-,-,-,-,2,P2,1753962934978
客户服务部,20250727,3,,100%,100%,100%,100%,100%,100%,100%,2,P3,1753962934979
客户服务部,20250727,3,,-,-,-,-,-,-,-,2,P4,1753962934980
客户服务部,20250727,3,,-,-,-,-,-,-,-,2,P5,1753962934981
客户运营中心,20250727,1,,100%,26%,100%,100%,100%,100%,100%,2,P0,1753962934982
客户运营中心,20250727,1,,-,-,-,-,-,-,-,2,P1,1753962934983
客户运营中心,20250727,1,,-,-,-,-,-,-,-,2,P2,1753962934984
客户运营中心,20250727,1,,-,-,-,-,-,-,-,2,P3,1753962934985
客户运营中心,20250727,1,,-,-,-,-,-,-,-,2,P4,1753962934986
客户运营中心,20250727,1,,100%,52%,100%,100%,100%,100%,100%,2,P5,1753962934987
客户运营中心,20250727,2,,100%,73%,100%,100%,100%,100%,100%,2,P0,1753962934988
客户运营中心,20250727,2,,-,-,-,-,-,-,-,2,P1,1753962934989
客户运营中心,20250727,2,,-,-,-,-,-,-,-,2,P2,1753962934990
客户运营中心,20250727,2,,-,-,-,-,-,-,-,2,P3,1753962934991
客户运营中心,20250727,2,,-,-,-,-,-,-,-,2,P4,1753962934992
客户运营中心,20250727,2,,100%,83%,100%,100%,100%,100%,100%,2,P5,1753962934993
客户运营中心,20250727,3,,100%,84%,100%,100%,100%,100%,100%,2,P0,1753962934994
客户运营中心,20250727,3,,-,-,-,-,-,-,-,2,P1,1753962934995
客户运营中心,20250727,3,,-,-,-,-,-,-,-,2,P2,1753962934996
客户运营中心,20250727,3,,-,-,-,-,-,-,-,2,P3,1753962934997
客户运营中心,20250727,3,,-,-,-,-,-,-,-,2,P4,1753962934998
客户运营中心,20250727,3,,100%,94%,100%,100%,100%,100%,100%,2,P5,1753962934999
客户运营中心-政企运营室,20250727,1,,-,-,-,-,-,-,-,2,P0,1753962935000
客户运营中心-政企运营室,20250727,1,,-,-,-,-,-,-,-,2,P1,1753962935001
客户运营中心-政企运营室,20250727,1,,-,-,-,-,-,-,-,2,P2,1753962935002
客户运营中心-政企运营室,20250727,1,,-,-,-,-,-,-,-,2,P3,1753962935003
客户运营中心-政企运营室,20250727,1,,-,-,-,-,-,-,-,2,P4,1753962935004
客户运营中心-政企运营室,20250727,1,,100%,73%,100%,100%,100%,100%,100%,2,P5,1753962935005
客户运营中心-政企运营室,20250727,2,,-,-,-,-,-,-,-,2,P0,1753962935006
客户运营中心-政企运营室,20250727,2,,-,-,-,-,-,-,-,2,P1,1753962935007
客户运营中心-政企运营室,20250727,2,,-,-,-,-,-,-,-,2,P2,1753962935008
客户运营中心-政企运营室,20250727,2,,-,-,-,-,-,-,-,2,P3,1753962935009
客户运营中心-政企运营室,20250727,2,,-,-,-,-,-,-,-,2,P4,1753962935010
客户运营中心-政企运营室,20250727,2,,100%,87%,100%,100%,100%,100%,100%,2,P5,1753962935011
客户运营中心-政企运营室,20250727,3,,-,-,-,-,-,-,-,2,P0,1753962935012
客户运营中心-政企运营室,20250727,3,,-,-,-,-,-,-,-,2,P1,1753962935013
客户运营中心-政企运营室,20250727,3,,-,-,-,-,-,-,-,2,P2,1753962935014
客户运营中心-政企运营室,20250727,3,,-,-,-,-,-,-,-,2,P3,1753962935015
客户运营中心-政企运营室,20250727,3,,-,-,-,-,-,-,-,2,P4,1753962935016
客户运营中心-政企运营室,20250727,3,,100%,98%,100%,100%,100%,100%,100%,2,P5,1753962935017
家庭中心,20250727,1,,-,-,-,-,-,-,-,2,P0,1753962935018
家庭中心,20250727,1,,-,-,-,-,-,-,-,2,P1,1753962935019
家庭中心,20250727,1,,-,-,-,-,-,-,-,2,P2,1753962935020
家庭中心,20250727,1,,-,-,-,-,-,-,-,2,P3,1753962935021
家庭中心,20250727,1,,-,-,-,-,-,-,-,2,P4,1753962935022
家庭中心,20250727,1,,100%,80%,100%,100%,100%,100%,100%,2,P5,1753962935023
家庭中心,20250727,2,,-,-,-,-,-,-,-,2,P0,1753962935024
家庭中心,20250727,2,,-,-,-,-,-,-,-,2,P1,1753962935025
家庭中心,20250727,2,,-,-,-,-,-,-,-,2,P2,1753962935026
家庭中心,20250727,2,,-,-,-,-,-,-,-,2,P3,1753962935027
家庭中心,20250727,2,,-,-,-,-,-,-,-,2,P4,1753962935028
家庭中心,20250727,2,,100%,80%,100%,100%,100%,100%,100%,2,P5,1753962935029
家庭中心,20250727,3,,-,-,-,-,-,-,-,2,P0,1753962935030
家庭中心,20250727,3,,-,-,-,-,-,-,-,2,P1,1753962935031
家庭中心,20250727,3,,-,-,-,-,-,-,-,2,P2,1753962935032
家庭中心,20250727,3,,-,-,-,-,-,-,-,2,P3,1753962935033
家庭中心,20250727,3,,-,-,-,-,-,-,-,2,P4,1753962935034
家庭中心,20250727,3,,100%,80%,100%,100%,100%,100%,100%,2,P5,1753962935035
市场部,20250727,1,,100%,61%,100%,100%,100%,100%,100%,2,P0,1753962935036
市场部,20250727,1,,-,-,-,-,-,-,-,2,P1,1753962935037
市场部,20250727,1,,-,-,-,-,-,-,-,2,P2,1753962935038
市场部,20250727,1,,-,-,-,-,-,-,-,2,P3,1753962935039
市场部,20250727,1,,-,-,-,-,-,-,-,2,P4,1753962935040
市场部,20250727,1,,100%,68%,100%,100%,100%,100%,100%,2,P5,1753962935041
市场部,20250727,2,,100%,85%,100%,100%,100%,100%,100%,2,P0,1753962935042
市场部,20250727,2,,-,-,-,-,-,-,-,2,P1,1753962935043
市场部,20250727,2,,-,-,-,-,-,-,-,2,P2,1753962935044
市场部,20250727,2,,-,-,-,-,-,-,-,2,P3,1753962935045
市场部,20250727,2,,-,-,-,-,-,-,-,2,P4,1753962935046
市场部,20250727,2,,100%,88%,100%,100%,100%,100%,100%,2,P5,1753962935047
市场部,20250727,3,,100%,88%,100%,100%,100%,100%,100%,2,P0,1753962935048
市场部,20250727,3,,-,-,-,-,-,-,-,2,P1,1753962935049
市场部,20250727,3,,-,-,-,-,-,-,-,2,P2,1753962935050
市场部,20250727,3,,-,-,-,-,-,-,-,2,P3,1753962935051
市场部,20250727,3,,-,-,-,-,-,-,-,2,P4,1753962935052
市场部,20250727,3,,100%,95%,100%,100%,100%,100%,100%,2,P5,1753962935053
政企客户中心,20250727,1,,100%,0%,100%,100%,100%,100%,100%,2,P0,1753962935054
政企客户中心,20250727,1,,-,-,-,-,-,-,-,2,P1,1753962935055
政企客户中心,20250727,1,,-,-,-,-,-,-,-,2,P2,1753962935056
政企客户中心,20250727,1,,-,-,-,-,-,-,-,2,P3,1753962935057
政企客户中心,20250727,1,,-,-,-,-,-,-,-,2,P4,1753962935058
政企客户中心,20250727,1,,-,-,-,-,-,-,-,2,P5,1753962935059
政企客户中心,20250727,2,,100%,67%,100%,100%,100%,100%,100%,2,P0,1753962935060
政企客户中心,20250727,2,,-,-,-,-,-,-,-,2,P1,1753962935061
政企客户中心,20250727,2,,-,-,-,-,-,-,-,2,P2,1753962935062
政企客户中心,20250727,2,,-,-,-,-,-,-,-,2,P3,1753962935063
政企客户中心,20250727,2,,-,-,-,-,-,-,-,2,P4,1753962935064
政企客户中心,20250727,2,,-,-,-,-,-,-,-,2,P5,1753962935065
政企客户中心,20250727,3,,100%,84%,100%,100%,100%,100%,100%,2,P0,1753962935066
政企客户中心,20250727,3,,-,-,-,-,-,-,-,2,P1,1753962935067
政企客户中心,20250727,3,,-,-,-,-,-,-,-,2,P2,1753962935068
政企客户中心,20250727,3,,-,-,-,-,-,-,-,2,P3,1753962935069
政企客户中心,20250727,3,,-,-,-,-,-,-,-,2,P4,1753962935070
政企客户中心,20250727,3,,-,-,-,-,-,-,-,2,P5,1753962935071
政企客户部,20250727,1,,99%,51%,100%,100%,100%,100%,100%,2,P0,1753962935072
政企客户部,20250727,1,,-,-,-,-,-,-,-,2,P1,1753962935073
政企客户部,20250727,1,,-,-,-,-,-,-,-,2,P2,1753962935074
政企客户部,20250727,1,,-,-,-,-,-,-,-,2,P3,1753962935075
政企客户部,20250727,1,,-,-,-,-,-,-,-,2,P4,1753962935076
政企客户部,20250727,1,,99%,22%,100%,100%,100%,100%,100%,2,P5,1753962935077
政企客户部,20250727,2,,99%,86%,100%,100%,100%,100%,100%,2,P0,1753962935078
政企客户部,20250727,2,,-,-,-,-,-,-,-,2,P1,1753962935079
政企客户部,20250727,2,,-,-,-,-,-,-,-,2,P2,1753962935080
政企客户部,20250727,2,,-,-,-,-,-,-,-,2,P3,1753962935081
政企客户部,20250727,2,,-,-,-,-,-,-,-,2,P4,1753962935082
政企客户部,20250727,2,,100%,79%,100%,100%,100%,100%,100%,2,P5,1753962935083
政企客户部,20250727,3,,100%,90%,100%,100%,100%,100%,100%,2,P0,1753962935084
政企客户部,20250727,3,,-,-,-,-,-,-,-,2,P1,1753962935085
政企客户部,20250727,3,,-,-,-,-,-,-,-,2,P2,1753962935086
政企客户部,20250727,3,,-,-,-,-,-,-,-,2,P3,1753962935087
政企客户部,20250727,3,,-,-,-,-,-,-,-,2,P4,1753962935088
政企客户部,20250727,3,,100%,88%,100%,100%,100%,100%,100%,2,P5,1753962935089
服务管理部,20250727,1,,100%,30%,100%,100%,100%,100%,100%,2,P0,1753962935090
服务管理部,20250727,1,,-,-,-,-,-,-,-,2,P1,1753962935091
服务管理部,20250727,1,,-,-,-,-,-,-,-,2,P2,1753962935092
服务管理部,20250727,1,,-,-,-,-,-,-,-,2,P3,1753962935093
服务管理部,20250727,1,,-,-,-,-,-,-,-,2,P4,1753962935094
服务管理部,20250727,1,,99%,50%,100%,100%,100%,100%,100%,2,P5,1753962935095
服务管理部,20250727,2,,100%,73%,100%,100%,100%,100%,100%,2,P0,1753962935096
服务管理部,20250727,2,,-,-,-,-,-,-,-,2,P1,1753962935097
服务管理部,20250727,2,,-,-,-,-,-,-,-,2,P2,1753962935098
服务管理部,20250727,2,,-,-,-,-,-,-,-,2,P3,1753962935099
服务管理部,20250727,2,,-,-,-,-,-,-,-,2,P4,1753962935100
服务管理部,20250727,2,,99%,85%,100%,100%,100%,100%,100%,2,P5,1753962935101
服务管理部,20250727,3,,100%,82%,100%,100%,100%,100%,100%,2,P0,1753962935102
服务管理部,20250727,3,,-,-,-,-,-,-,-,2,P1,1753962935103
服务管理部,20250727,3,,-,-,-,-,-,-,-,2,P2,1753962935104
服务管理部,20250727,3,,-,-,-,-,-,-,-,2,P3,1753962935105
服务管理部,20250727,3,,-,-,-,-,-,-,-,2,P4,1753962935106
服务管理部,20250727,3,,100%,98%,100%,100%,100%,100%,100%,2,P5,1753962935107
江门分公司,20250727,1,,-,-,-,-,-,-,-,2,P0,1753962935108
江门分公司,20250727,1,,-,-,-,-,-,-,-,2,P1,1753962935109
江门分公司,20250727,1,,-,-,-,-,-,-,-,2,P2,1753962935110
江门分公司,20250727,1,,-,-,-,-,-,-,-,2,P3,1753962935111
江门分公司,20250727,1,,-,-,-,-,-,-,-,2,P4,1753962935112
江门分公司,20250727,1,,100%,0%,100%,100%,100%,100%,100%,2,P5,1753962935113
江门分公司,20250727,2,,-,-,-,-,-,-,-,2,P0,1753962935114
江门分公司,20250727,2,,-,-,-,-,-,-,-,2,P1,1753962935115
江门分公司,20250727,2,,-,-,-,-,-,-,-,2,P2,1753962935116
江门分公司,20250727,2,,-,-,-,-,-,-,-,2,P3,1753962935117
江门分公司,20250727,2,,-,-,-,-,-,-,-,2,P4,1753962935118
江门分公司,20250727,2,,100%,70%,100%,100%,100%,100%,100%,2,P5,1753962935119
江门分公司,20250727,3,,-,-,-,-,-,-,-,2,P0,1753962935120
江门分公司,20250727,3,,-,-,-,-,-,-,-,2,P1,1753962935121
江门分公司,20250727,3,,-,-,-,-,-,-,-,2,P2,1753962935122
江门分公司,20250727,3,,-,-,-,-,-,-,-,2,P3,1753962935123
江门分公司,20250727,3,,-,-,-,-,-,-,-,2,P4,1753962935124
江门分公司,20250727,3,,100%,80%,100%,100%,100%,100%,100%,2,P5,1753962935125
渠道中心,20250727,1,,100%,17%,100%,100%,100%,100%,100%,2,P0,1753962935126
渠道中心,20250727,1,,-,-,-,-,-,-,-,2,P1,1753962935127
渠道中心,20250727,1,,-,-,-,-,-,-,-,2,P2,1753962935128
渠道中心,20250727,1,,-,-,-,-,-,-,-,2,P3,1753962935129
渠道中心,20250727,1,,-,-,-,-,-,-,-,2,P4,1753962935130
渠道中心,20250727,1,,-,-,-,-,-,-,-,2,P5,1753962935131
渠道中心,20250727,2,,100%,69%,100%,100%,100%,100%,100%,2,P0,1753962935132
渠道中心,20250727,2,,-,-,-,-,-,-,-,2,P1,1753962935133
渠道中心,20250727,2,,-,-,-,-,-,-,-,2,P2,1753962935134
渠道中心,20250727,2,,-,-,-,-,-,-,-,2,P3,1753962935135
渠道中心,20250727,2,,-,-,-,-,-,-,-,2,P4,1753962935136
渠道中心,20250727,2,,-,-,-,-,-,-,-,2,P5,1753962935137
渠道中心,20250727,3,,100%,84%,100%,100%,100%,100%,100%,2,P0,1753962935138
渠道中心,20250727,3,,-,-,-,-,-,-,-,2,P1,1753962935139
渠道中心,20250727,3,,-,-,-,-,-,-,-,2,P2,1753962935140
渠道中心,20250727,3,,-,-,-,-,-,-,-,2,P3,1753962935141
渠道中心,20250727,3,,-,-,-,-,-,-,-,2,P4,1753962935142
渠道中心,20250727,3,,-,-,-,-,-,-,-,2,P5,1753962935143
渠道运营中心,20250727,1,,100%,49%,100%,100%,100%,100%,100%,2,P0,1753962935144
渠道运营中心,20250727,1,,-,-,-,-,-,-,-,2,P1,1753962935145
渠道运营中心,20250727,1,,-,-,-,-,-,-,-,2,P2,1753962935146
渠道运营中心,20250727,1,,-,-,-,-,-,-,-,2,P3,1753962935147
渠道运营中心,20250727,1,,-,-,-,-,-,-,-,2,P4,1753962935148
渠道运营中心,20250727,1,,100%,46%,100%,100%,100%,100%,100%,2,P5,1753962935149
渠道运营中心,20250727,2,,100%,86%,100%,100%,100%,100%,100%,2,P0,1753962935150
渠道运营中心,20250727,2,,-,-,-,-,-,-,-,2,P1,1753962935151
渠道运营中心,20250727,2,,-,-,-,-,-,-,-,2,P2,1753962935152
渠道运营中心,20250727,2,,-,-,-,-,-,-,-,2,P3,1753962935153
渠道运营中心,20250727,2,,-,-,-,-,-,-,-,2,P4,1753962935154
渠道运营中心,20250727,2,,100%,79%,100%,100%,100%,100%,100%,2,P5,1753962935155
渠道运营中心,20250727,3,,100%,90%,100%,100%,100%,100%,100%,2,P0,1753962935156
渠道运营中心,20250727,3,,-,-,-,-,-,-,-,2,P1,1753962935157
渠道运营中心,20250727,3,,-,-,-,-,-,-,-,2,P2,1753962935158
渠道运营中心,20250727,3,,-,-,-,-,-,-,-,2,P3,1753962935159
渠道运营中心,20250727,3,,-,-,-,-,-,-,-,2,P4,1753962935160
渠道运营中心,20250727,3,,100%,92%,100%,100%,100%,100%,100%,2,P5,1753962935161
网格和渠道运营中心,20250727,1,,100%,100%,100%,100%,100%,100%,100%,2,P0,1753962935162
网格和渠道运营中心,20250727,1,,-,-,-,-,-,-,-,2,P1,1753962935163
网格和渠道运营中心,20250727,1,,-,-,-,-,-,-,-,2,P2,1753962935164
网格和渠道运营中心,20250727,1,,-,-,-,-,-,-,-,2,P3,1753962935165
网格和渠道运营中心,20250727,1,,-,-,-,-,-,-,-,2,P4,1753962935166
网格和渠道运营中心,20250727,1,,100%,53%,100%,100%,100%,100%,100%,2,P5,1753962935167
网格和渠道运营中心,20250727,2,,100%,100%,100%,100%,100%,100%,100%,2,P0,1753962935168
网格和渠道运营中心,20250727,2,,-,-,-,-,-,-,-,2,P1,1753962935169
网格和渠道运营中心,20250727,2,,-,-,-,-,-,-,-,2,P2,1753962935170
网格和渠道运营中心,20250727,2,,-,-,-,-,-,-,-,2,P3,1753962935171
网格和渠道运营中心,20250727,2,,-,-,-,-,-,-,-,2,P4,1753962935172
网格和渠道运营中心,20250727,2,,100%,85%,100%,100%,100%,100%,100%,2,P5,1753962935173
网格和渠道运营中心,20250727,3,,100%,100%,100%,100%,100%,100%,100%,2,P0,1753962935174
网格和渠道运营中心,20250727,3,,-,-,-,-,-,-,-,2,P1,1753962935175
网格和渠道运营中心,20250727,3,,-,-,-,-,-,-,-,2,P2,1753962935176
网格和渠道运营中心,20250727,3,,-,-,-,-,-,-,-,2,P3,1753962935177
网格和渠道运营中心,20250727,3,,-,-,-,-,-,-,-,2,P4,1753962935178
网格和渠道运营中心,20250727,3,,100%,97%,100%,100%,100%,100%,100%,2,P5,1753962935179
网络管理中心,20250727,1,,100%,70%,100%,100%,100%,100%,100%,2,P0,1753962935180
网络管理中心,20250727,1,,-,-,-,-,-,-,-,2,P1,1753962935181
网络管理中心,20250727,1,,-,-,-,-,-,-,-,2,P2,1753962935182
网络管理中心,20250727,1,,-,-,-,-,-,-,-,2,P3,1753962935183
网络管理中心,20250727,1,,-,-,-,-,-,-,-,2,P4,1753962935184
网络管理中心,20250727,1,,100%,0%,100%,100%,100%,100%,100%,2,P5,1753962935185
网络管理中心,20250727,2,,100%,91%,100%,100%,100%,100%,100%,2,P0,1753962935186
网络管理中心,20250727,2,,-,-,-,-,-,-,-,2,P1,1753962935187
网络管理中心,20250727,2,,-,-,-,-,-,-,-,2,P2,1753962935188
网络管理中心,20250727,2,,-,-,-,-,-,-,-,2,P3,1753962935189
网络管理中心,20250727,2,,-,-,-,-,-,-,-,2,P4,1753962935190
网络管理中心,20250727,2,,100%,75%,100%,100%,100%,100%,100%,2,P5,1753962935191
网络管理中心,20250727,3,,100%,100%,100%,100%,100%,100%,100%,2,P0,1753962935192
网络管理中心,20250727,3,,-,-,-,-,-,-,-,2,P1,1753962935193
网络管理中心,20250727,3,,-,-,-,-,-,-,-,2,P2,1753962935194
网络管理中心,20250727,3,,-,-,-,-,-,-,-,2,P3,1753962935195
网络管理中心,20250727,3,,-,-,-,-,-,-,-,2,P4,1753962935196
网络管理中心,20250727,3,,100%,100%,100%,100%,100%,100%,100%,2,P5,1753962935197
网络部,20250727,1,,-,-,-,-,-,-,-,2,P0,1753962935198
网络部,20250727,1,,-,-,-,-,-,-,-,2,P1,1753962935199
网络部,20250727,1,,-,-,-,-,-,-,-,2,P2,1753962935200
网络部,20250727,1,,-,-,-,-,-,-,-,2,P3,1753962935201
网络部,20250727,1,,-,-,-,-,-,-,-,2,P4,1753962935202
网络部,20250727,1,,100%,72%,100%,100%,100%,100%,100%,2,P5,1753962935203
网络部,20250727,2,,-,-,-,-,-,-,-,2,P0,1753962935204
网络部,20250727,2,,-,-,-,-,-,-,-,2,P1,1753962935205
网络部,20250727,2,,-,-,-,-,-,-,-,2,P2,1753962935206
网络部,20250727,2,,-,-,-,-,-,-,-,2,P3,1753962935207
网络部,20250727,2,,-,-,-,-,-,-,-,2,P4,1753962935208
网络部,20250727,2,,100%,79%,100%,100%,100%,100%,100%,2,P5,1753962935209
网络部,20250727,3,,-,-,-,-,-,-,-,2,P0,1753962935210
网络部,20250727,3,,-,-,-,-,-,-,-,2,P1,1753962935211
网络部,20250727,3,,-,-,-,-,-,-,-,2,P2,1753962935212
网络部,20250727,3,,-,-,-,-,-,-,-,2,P3,1753962935213
网络部,20250727,3,,-,-,-,-,-,-,-,2,P4,1753962935214
网络部,20250727,3,,100%,81%,100%,100%,100%,100%,100%,2,P5,1753962935215
计划建设部,20250727,1,,-,-,-,-,-,-,-,2,P0,1753962935216
计划建设部,20250727,1,,-,-,-,-,-,-,-,2,P1,1753962935217
计划建设部,20250727,1,,-,-,-,-,-,-,-,2,P2,1753962935218
计划建设部,20250727,1,,-,-,-,-,-,-,-,2,P3,1753962935219
计划建设部,20250727,1,,-,-,-,-,-,-,-,2,P4,1753962935220
计划建设部,20250727,1,,100%,100%,100%,100%,100%,100%,100%,2,P5,1753962935221
计划建设部,20250727,2,,-,-,-,-,-,-,-,2,P0,1753962935222
计划建设部,20250727,2,,-,-,-,-,-,-,-,2,P1,1753962935223
计划建设部,20250727,2,,-,-,-,-,-,-,-,2,P2,1753962935224
计划建设部,20250727,2,,-,-,-,-,-,-,-,2,P3,1753962935225
计划建设部,20250727,2,,-,-,-,-,-,-,-,2,P4,1753962935226
计划建设部,20250727,2,,100%,100%,100%,100%,100%,100%,100%,2,P5,1753962935227
计划建设部,20250727,3,,-,-,-,-,-,-,-,2,P0,1753962935228
计划建设部,20250727,3,,-,-,-,-,-,-,-,2,P1,1753962935229
计划建设部,20250727,3,,-,-,-,-,-,-,-,2,P2,1753962935230
计划建设部,20250727,3,,-,-,-,-,-,-,-,2,P3,1753962935231
计划建设部,20250727,3,,-,-,-,-,-,-,-,2,P4,1753962935232
计划建设部,20250727,3,,100%,100%,100%,100%,100%,100%,100%,2,P5,1753962935233
财务部,20250727,1,,100%,81%,100%,100%,100%,100%,100%,2,P0,1753962935234
财务部,20250727,1,,100%,100%,100%,100%,100%,100%,100%,2,P1,1753962935235
财务部,20250727,1,,-,-,-,-,-,-,-,2,P2,1753962935236
财务部,20250727,1,,-,-,-,-,-,-,-,2,P3,1753962935237
财务部,20250727,1,,-,-,-,-,-,-,-,2,P4,1753962935238
财务部,20250727,1,,100%,80%,100%,100%,100%,100%,100%,2,P5,1753962935239
财务部,20250727,2,,100%,91%,100%,100%,100%,100%,100%,2,P0,1753962935240
财务部,20250727,2,,100%,100%,100%,100%,100%,100%,100%,2,P1,1753962935241
财务部,20250727,2,,-,-,-,-,-,-,-,2,P2,1753962935242
财务部,20250727,2,,-,-,-,-,-,-,-,2,P3,1753962935243
财务部,20250727,2,,-,-,-,-,-,-,-,2,P4,1753962935244
财务部,20250727,2,,100%,90%,100%,100%,100%,100%,100%,2,P5,1753962935245
财务部,20250727,3,,100%,91%,100%,100%,100%,100%,100%,2,P0,1753962935246
财务部,20250727,3,,100%,100%,100%,100%,100%,100%,100%,2,P1,1753962935247
财务部,20250727,3,,-,-,-,-,-,-,-,2,P2,1753962935248
财务部,20250727,3,,-,-,-,-,-,-,-,2,P3,1753962935249
财务部,20250727,3,,-,-,-,-,-,-,-,2,P4,1753962935250
财务部,20250727,3,,100%,93%,100%,100%,100%,100%,100%,2,P5,1753962935251
集团客户部,20250727,1,,100%,64%,100%,100%,100%,100%,100%,2,P0,1753962935252
集团客户部,20250727,1,,-,-,-,-,-,-,-,2,P1,1753962935253
集团客户部,20250727,1,,-,-,-,-,-,-,-,2,P2,1753962935254
集团客户部,20250727,1,,-,-,-,-,-,-,-,2,P3,1753962935255
集团客户部,20250727,1,,100%,100%,100%,100%,100%,100%,100%,2,P4,1753962935256
集团客户部,20250727,1,,-,-,-,-,-,-,-,2,P5,1753962935257
集团客户部,20250727,2,,100%,88%,100%,100%,100%,100%,100%,2,P0,1753962935258
集团客户部,20250727,2,,-,-,-,-,-,-,-,2,P1,1753962935259
集团客户部,20250727,2,,-,-,-,-,-,-,-,2,P2,1753962935260
集团客户部,20250727,2,,-,-,-,-,-,-,-,2,P3,1753962935261
集团客户部,20250727,2,,100%,100%,100%,100%,100%,100%,100%,2,P4,1753962935262
集团客户部,20250727,2,,-,-,-,-,-,-,-,2,P5,1753962935263
集团客户部,20250727,3,,100%,90%,100%,100%,100%,100%,100%,2,P0,1753962935264
集团客户部,20250727,3,,-,-,-,-,-,-,-,2,P1,1753962935265
集团客户部,20250727,3,,-,-,-,-,-,-,-,2,P2,1753962935266
集团客户部,20250727,3,,-,-,-,-,-,-,-,2,P3,1753962935267
集团客户部,20250727,3,,100%,100%,100%,100%,100%,100%,100%,2,P4,1753962935268
集团客户部,20250727,3,,-,-,-,-,-,-,-,2,P5,1753962935269
